Date,FiscalYear,FiscalQuarter,FiscalMonthNumber,FiscalMonthOfQuarter,FiscalWeekOfYear,DayOfWeek,FiscalMonthName,FiscalMonthYear,FiscalQuarterYear,DayOfMonthNumber,DayName
2017-02-05,2017,1,1,1,1,0,February,Feb-17,12017,5,Sunday
2017-02-06,2017,1,1,1,1,1,February,Feb-17,12017,6,Monday
2017-02-07,2017,1,1,1,1,2,February,Feb-17,12017,7,Tuesday
2017-02-08,2017,1,1,1,1,3,February,Feb-17,12017,8,Wednesday
2017-02-09,2017,1,1,1,1,4,February,Feb-17,12017,9,Thursday
2017-02-10,2017,1,1,1,1,5,February,Feb-17,12017,10,Friday
2017-02-11,2017,1,1,1,1,6,February,Feb-17,12017,11,Saturday
2017-02-12,2017,1,1,1,2,0,February,Feb-17,12017,12,Sunday
2017-02-13,2017,1,1,1,2,1,February,Feb-17,12017,13,Monday
2017-02-14,2017,1,1,1,2,2,February,Feb-17,12017,14,Tuesday
2017-02-15,2017,1,1,1,2,3,February,Feb-17,12017,15,Wednesday
2017-02-16,2017,1,1,1,2,4,February,Feb-17,12017,16,Thursday
2017-02-17,2017,1,1,1,2,5,February,Feb-17,12017,17,Friday
2017-02-18,2017,1,1,1,2,6,February,Feb-17,12017,18,Saturday
2017-02-19,2017,1,1,1,3,0,February,Feb-17,12017,19,Sunday
2017-02-20,2017,1,1,1,3,1,February,Feb-17,12017,20,Monday
2017-02-21,2017,1,1,1,3,2,February,Feb-17,12017,21,Tuesday
2017-02-22,2017,1,1,1,3,3,February,Feb-17,12017,22,Wednesday
2017-02-23,2017,1,1,1,3,4,February,Feb-17,12017,23,Thursday
2017-02-24,2017,1,1,1,3,5,February,Feb-17,12017,24,Friday
2017-02-25,2017,1,1,1,3,6,February,Feb-17,12017,25,Saturday
2017-02-26,2017,1,1,1,4,0,February,Feb-17,12017,26,Sunday
2017-02-27,2017,1,1,1,4,1,February,Feb-17,12017,27,Monday
2017-02-28,2017,1,1,1,4,2,February,Feb-17,12017,28,Tuesday
2017-03-01,2017,1,1,1,4,3,February,Feb-17,12017,1,Wednesday
2017-03-02,2017,1,1,1,4,4,February,Feb-17,12017,2,Thursday
2017-03-03,2017,1,1,1,4,5,February,Feb-17,12017,3,Friday
2017-03-04,2017,1,1,1,4,6,February,Feb-17,12017,4,Saturday
2017-03-05,2017,1,2,2,5,0,March,Mar-17,12017,5,Sunday
2017-03-06,2017,1,2,2,5,1,March,Mar-17,12017,6,Monday
2017-03-07,2017,1,2,2,5,2,March,Mar-17,12017,7,Tuesday
2017-03-08,2017,1,2,2,5,3,March,Mar-17,12017,8,Wednesday
2017-03-09,2017,1,2,2,5,4,March,Mar-17,12017,9,Thursday
2017-03-10,2017,1,2,2,5,5,March,Mar-17,12017,10,Friday
2017-03-11,2017,1,2,2,5,6,March,Mar-17,12017,11,Saturday
2017-03-12,2017,1,2,2,6,0,March,Mar-17,12017,12,Sunday
2017-03-13,2017,1,2,2,6,1,March,Mar-17,12017,13,Monday
2017-03-14,2017,1,2,2,6,2,March,Mar-17,12017,14,Tuesday
2017-03-15,2017,1,2,2,6,3,March,Mar-17,12017,15,Wednesday
2017-03-16,2017,1,2,2,6,4,March,Mar-17,12017,16,Thursday
2017-03-17,2017,1,2,2,6,5,March,Mar-17,12017,17,Friday
2017-03-18,2017,1,2,2,6,6,March,Mar-17,12017,18,Saturday
2017-03-19,2017,1,2,2,7,0,March,Mar-17,12017,19,Sunday
2017-03-20,2017,1,2,2,7,1,March,Mar-17,12017,20,Monday
2017-03-21,2017,1,2,2,7,2,March,Mar-17,12017,21,Tuesday
2017-03-22,2017,1,2,2,7,3,March,Mar-17,12017,22,Wednesday
2017-03-23,2017,1,2,2,7,4,March,Mar-17,12017,23,Thursday
2017-03-24,2017,1,2,2,7,5,March,Mar-17,12017,24,Friday
2017-03-25,2017,1,2,2,7,6,March,Mar-17,12017,25,Saturday
2017-03-26,2017,1,2,2,8,0,March,Mar-17,12017,26,Sunday
2017-03-27,2017,1,2,2,8,1,March,Mar-17,12017,27,Monday
2017-03-28,2017,1,2,2,8,2,March,Mar-17,12017,28,Tuesday
2017-03-29,2017,1,2,2,8,3,March,Mar-17,12017,29,Wednesday
2017-03-30,2017,1,2,2,8,4,March,Mar-17,12017,30,Thursday
2017-03-31,2017,1,2,2,8,5,March,Mar-17,12017,31,Friday
2017-04-01,2017,1,2,2,8,6,March,Mar-17,12017,1,Saturday
2017-04-02,2017,1,2,2,9,0,March,Mar-17,12017,2,Sunday
2017-04-03,2017,1,2,2,9,1,March,Mar-17,12017,3,Monday
2017-04-04,2017,1,2,2,9,2,March,Mar-17,12017,4,Tuesday
2017-04-05,2017,1,2,2,9,3,March,Mar-17,12017,5,Wednesday
2017-04-06,2017,1,2,2,9,4,March,Mar-17,12017,6,Thursday
2017-04-07,2017,1,2,2,9,5,March,Mar-17,12017,7,Friday
2017-04-08,2017,1,2,2,9,6,March,Mar-17,12017,8,Saturday
2017-04-09,2017,1,3,3,10,0,April,Apr-17,12017,9,Sunday
2017-04-10,2017,1,3,3,10,1,April,Apr-17,12017,10,Monday
2017-04-11,2017,1,3,3,10,2,April,Apr-17,12017,11,Tuesday
2017-04-12,2017,1,3,3,10,3,April,Apr-17,12017,12,Wednesday
2017-04-13,2017,1,3,3,10,4,April,Apr-17,12017,13,Thursday
2017-04-14,2017,1,3,3,10,5,April,Apr-17,12017,14,Friday
2017-04-15,2017,1,3,3,10,6,April,Apr-17,12017,15,Saturday
2017-04-16,2017,1,3,3,11,0,April,Apr-17,12017,16,Sunday
2017-04-17,2017,1,3,3,11,1,April,Apr-17,12017,17,Monday
2017-04-18,2017,1,3,3,11,2,April,Apr-17,12017,18,Tuesday
2017-04-19,2017,1,3,3,11,3,April,Apr-17,12017,19,Wednesday
2017-04-20,2017,1,3,3,11,4,April,Apr-17,12017,20,Thursday
2017-04-21,2017,1,3,3,11,5,April,Apr-17,12017,21,Friday
2017-04-22,2017,1,3,3,11,6,April,Apr-17,12017,22,Saturday
2017-04-23,2017,1,3,3,12,0,April,Apr-17,12017,23,Sunday
2017-04-24,2017,1,3,3,12,1,April,Apr-17,12017,24,Monday
2017-04-25,2017,1,3,3,12,2,April,Apr-17,12017,25,Tuesday
2017-04-26,2017,1,3,3,12,3,April,Apr-17,12017,26,Wednesday
2017-04-27,2017,1,3,3,12,4,April,Apr-17,12017,27,Thursday
2017-04-28,2017,1,3,3,12,5,April,Apr-17,12017,28,Friday
2017-04-29,2017,1,3,3,12,6,April,Apr-17,12017,29,Saturday
2017-04-30,2017,1,3,3,13,0,April,Apr-17,12017,30,Sunday
2017-05-01,2017,1,3,3,13,1,April,Apr-17,12017,1,Monday
2017-05-02,2017,1,3,3,13,2,April,Apr-17,12017,2,Tuesday
2017-05-03,2017,1,3,3,13,3,April,Apr-17,12017,3,Wednesday
2017-05-04,2017,1,3,3,13,4,April,Apr-17,12017,4,Thursday
2017-05-05,2017,1,3,3,13,5,April,Apr-17,12017,5,Friday
2017-05-06,2017,1,3,3,13,6,April,Apr-17,12017,6,Saturday
2017-05-07,2017,2,4,1,14,0,May,May-17,22017,7,Sunday
2017-05-08,2017,2,4,1,14,1,May,May-17,22017,8,Monday
2017-05-09,2017,2,4,1,14,2,May,May-17,22017,9,Tuesday
2017-05-10,2017,2,4,1,14,3,May,May-17,22017,10,Wednesday
2017-05-11,2017,2,4,1,14,4,May,May-17,22017,11,Thursday
2017-05-12,2017,2,4,1,14,5,May,May-17,22017,12,Friday
2017-05-13,2017,2,4,1,14,6,May,May-17,22017,13,Saturday
2017-05-14,2017,2,4,1,15,0,May,May-17,22017,14,Sunday
2017-05-15,2017,2,4,1,15,1,May,May-17,22017,15,Monday
2017-05-16,2017,2,4,1,15,2,May,May-17,22017,16,Tuesday
2017-05-17,2017,2,4,1,15,3,May,May-17,22017,17,Wednesday
2017-05-18,2017,2,4,1,15,4,May,May-17,22017,18,Thursday
2017-05-19,2017,2,4,1,15,5,May,May-17,22017,19,Friday
2017-05-20,2017,2,4,1,15,6,May,May-17,22017,20,Saturday
2017-05-21,2017,2,4,1,16,0,May,May-17,22017,21,Sunday
2017-05-22,2017,2,4,1,16,1,May,May-17,22017,22,Monday
2017-05-23,2017,2,4,1,16,2,May,May-17,22017,23,Tuesday
2017-05-24,2017,2,4,1,16,3,May,May-17,22017,24,Wednesday
2017-05-25,2017,2,4,1,16,4,May,May-17,22017,25,Thursday
2017-05-26,2017,2,4,1,16,5,May,May-17,22017,26,Friday
2017-05-27,2017,2,4,1,16,6,May,May-17,22017,27,Saturday
2017-05-28,2017,2,4,1,17,0,May,May-17,22017,28,Sunday
2017-05-29,2017,2,4,1,17,1,May,May-17,22017,29,Monday
2017-05-30,2017,2,4,1,17,2,May,May-17,22017,30,Tuesday
2017-05-31,2017,2,4,1,17,3,May,May-17,22017,31,Wednesday
2017-06-01,2017,2,4,1,17,4,May,May-17,22017,1,Thursday
2017-06-02,2017,2,4,1,17,5,May,May-17,22017,2,Friday
2017-06-03,2017,2,4,1,17,6,May,May-17,22017,3,Saturday
2017-06-04,2017,2,5,2,18,0,June,Jun-17,22017,4,Sunday
2017-06-05,2017,2,5,2,18,1,June,Jun-17,22017,5,Monday
2017-06-06,2017,2,5,2,18,2,June,Jun-17,22017,6,Tuesday
2017-06-07,2017,2,5,2,18,3,June,Jun-17,22017,7,Wednesday
2017-06-08,2017,2,5,2,18,4,June,Jun-17,22017,8,Thursday
2017-06-09,2017,2,5,2,18,5,June,Jun-17,22017,9,Friday
2017-06-10,2017,2,5,2,18,6,June,Jun-17,22017,10,Saturday
2017-06-11,2017,2,5,2,19,0,June,Jun-17,22017,11,Sunday
2017-06-12,2017,2,5,2,19,1,June,Jun-17,22017,12,Monday
2017-06-13,2017,2,5,2,19,2,June,Jun-17,22017,13,Tuesday
2017-06-14,2017,2,5,2,19,3,June,Jun-17,22017,14,Wednesday
2017-06-15,2017,2,5,2,19,4,June,Jun-17,22017,15,Thursday
2017-06-16,2017,2,5,2,19,5,June,Jun-17,22017,16,Friday
2017-06-17,2017,2,5,2,19,6,June,Jun-17,22017,17,Saturday
2017-06-18,2017,2,5,2,20,0,June,Jun-17,22017,18,Sunday
2017-06-19,2017,2,5,2,20,1,June,Jun-17,22017,19,Monday
2017-06-20,2017,2,5,2,20,2,June,Jun-17,22017,20,Tuesday
2017-06-21,2017,2,5,2,20,3,June,Jun-17,22017,21,Wednesday
2017-06-22,2017,2,5,2,20,4,June,Jun-17,22017,22,Thursday
2017-06-23,2017,2,5,2,20,5,June,Jun-17,22017,23,Friday
2017-06-24,2017,2,5,2,20,6,June,Jun-17,22017,24,Saturday
2017-06-25,2017,2,5,2,21,0,June,Jun-17,22017,25,Sunday
2017-06-26,2017,2,5,2,21,1,June,Jun-17,22017,26,Monday
2017-06-27,2017,2,5,2,21,2,June,Jun-17,22017,27,Tuesday
2017-06-28,2017,2,5,2,21,3,June,Jun-17,22017,28,Wednesday
2017-06-29,2017,2,5,2,21,4,June,Jun-17,22017,29,Thursday
2017-06-30,2017,2,5,2,21,5,June,Jun-17,22017,30,Friday
2017-07-01,2017,2,5,2,21,6,June,Jun-17,22017,1,Saturday
2017-07-02,2017,2,5,2,22,0,June,Jun-17,22017,2,Sunday
2017-07-03,2017,2,5,2,22,1,June,Jun-17,22017,3,Monday
2017-07-04,2017,2,5,2,22,2,June,Jun-17,22017,4,Tuesday
2017-07-05,2017,2,5,2,22,3,June,Jun-17,22017,5,Wednesday
2017-07-06,2017,2,5,2,22,4,June,Jun-17,22017,6,Thursday
2017-07-07,2017,2,5,2,22,5,June,Jun-17,22017,7,Friday
2017-07-08,2017,2,5,2,22,6,June,Jun-17,22017,8,Saturday
2017-07-09,2017,2,6,3,23,0,July,Jul-17,22017,9,Sunday
2017-07-10,2017,2,6,3,23,1,July,Jul-17,22017,10,Monday
2017-07-11,2017,2,6,3,23,2,July,Jul-17,22017,11,Tuesday
2017-07-12,2017,2,6,3,23,3,July,Jul-17,22017,12,Wednesday
2017-07-13,2017,2,6,3,23,4,July,Jul-17,22017,13,Thursday
2017-07-14,2017,2,6,3,23,5,July,Jul-17,22017,14,Friday
2017-07-15,2017,2,6,3,23,6,July,Jul-17,22017,15,Saturday
2017-07-16,2017,2,6,3,24,0,July,Jul-17,22017,16,Sunday
2017-07-17,2017,2,6,3,24,1,July,Jul-17,22017,17,Monday
2017-07-18,2017,2,6,3,24,2,July,Jul-17,22017,18,Tuesday
2017-07-19,2017,2,6,3,24,3,July,Jul-17,22017,19,Wednesday
2017-07-20,2017,2,6,3,24,4,July,Jul-17,22017,20,Thursday
2017-07-21,2017,2,6,3,24,5,July,Jul-17,22017,21,Friday
2017-07-22,2017,2,6,3,24,6,July,Jul-17,22017,22,Saturday
2017-07-23,2017,2,6,3,25,0,July,Jul-17,22017,23,Sunday
2017-07-24,2017,2,6,3,25,1,July,Jul-17,22017,24,Monday
2017-07-25,2017,2,6,3,25,2,July,Jul-17,22017,25,Tuesday
2017-07-26,2017,2,6,3,25,3,July,Jul-17,22017,26,Wednesday
2017-07-27,2017,2,6,3,25,4,July,Jul-17,22017,27,Thursday
2017-07-28,2017,2,6,3,25,5,July,Jul-17,22017,28,Friday
2017-07-29,2017,2,6,3,25,6,July,Jul-17,22017,29,Saturday
2017-07-30,2017,2,6,3,26,0,July,Jul-17,22017,30,Sunday
2017-07-31,2017,2,6,3,26,1,July,Jul-17,22017,31,Monday
2017-08-01,2017,2,6,3,26,2,July,Jul-17,22017,1,Tuesday
2017-08-02,2017,2,6,3,26,3,July,Jul-17,22017,2,Wednesday
2017-08-03,2017,2,6,3,26,4,July,Jul-17,22017,3,Thursday
2017-08-04,2017,2,6,3,26,5,July,Jul-17,22017,4,Friday
2017-08-05,2017,2,6,3,26,6,July,Jul-17,22017,5,Saturday
2017-08-06,2017,3,7,1,27,0,August,Aug-17,32017,6,Sunday
2017-08-07,2017,3,7,1,27,1,August,Aug-17,32017,7,Monday
2017-08-08,2017,3,7,1,27,2,August,Aug-17,32017,8,Tuesday
2017-08-09,2017,3,7,1,27,3,August,Aug-17,32017,9,Wednesday
2017-08-10,2017,3,7,1,27,4,August,Aug-17,32017,10,Thursday
2017-08-11,2017,3,7,1,27,5,August,Aug-17,32017,11,Friday
2017-08-12,2017,3,7,1,27,6,August,Aug-17,32017,12,Saturday
2017-08-13,2017,3,7,1,28,0,August,Aug-17,32017,13,Sunday
2017-08-14,2017,3,7,1,28,1,August,Aug-17,32017,14,Monday
2017-08-15,2017,3,7,1,28,2,August,Aug-17,32017,15,Tuesday
2017-08-16,2017,3,7,1,28,3,August,Aug-17,32017,16,Wednesday
2017-08-17,2017,3,7,1,28,4,August,Aug-17,32017,17,Thursday
2017-08-18,2017,3,7,1,28,5,August,Aug-17,32017,18,Friday
2017-08-19,2017,3,7,1,28,6,August,Aug-17,32017,19,Saturday
2017-08-20,2017,3,7,1,29,0,August,Aug-17,32017,20,Sunday
2017-08-21,2017,3,7,1,29,1,August,Aug-17,32017,21,Monday
2017-08-22,2017,3,7,1,29,2,August,Aug-17,32017,22,Tuesday
2017-08-23,2017,3,7,1,29,3,August,Aug-17,32017,23,Wednesday
2017-08-24,2017,3,7,1,29,4,August,Aug-17,32017,24,Thursday
2017-08-25,2017,3,7,1,29,5,August,Aug-17,32017,25,Friday
2017-08-26,2017,3,7,1,29,6,August,Aug-17,32017,26,Saturday
2017-08-27,2017,3,7,1,30,0,August,Aug-17,32017,27,Sunday
2017-08-28,2017,3,7,1,30,1,August,Aug-17,32017,28,Monday
2017-08-29,2017,3,7,1,30,2,August,Aug-17,32017,29,Tuesday
2017-08-30,2017,3,7,1,30,3,August,Aug-17,32017,30,Wednesday
2017-08-31,2017,3,7,1,30,4,August,Aug-17,32017,31,Thursday
2017-09-01,2017,3,7,1,30,5,August,Aug-17,32017,1,Friday
2017-09-02,2017,3,7,1,30,6,August,Aug-17,32017,2,Saturday
2017-09-03,2017,3,8,2,31,0,September,Sep-17,32017,3,Sunday
2017-09-04,2017,3,8,2,31,1,September,Sep-17,32017,4,Monday
2017-09-05,2017,3,8,2,31,2,September,Sep-17,32017,5,Tuesday
2017-09-06,2017,3,8,2,31,3,September,Sep-17,32017,6,Wednesday
2017-09-07,2017,3,8,2,31,4,September,Sep-17,32017,7,Thursday
2017-09-08,2017,3,8,2,31,5,September,Sep-17,32017,8,Friday
2017-09-09,2017,3,8,2,31,6,September,Sep-17,32017,9,Saturday
2017-09-10,2017,3,8,2,32,0,September,Sep-17,32017,10,Sunday
2017-09-11,2017,3,8,2,32,1,September,Sep-17,32017,11,Monday
2017-09-12,2017,3,8,2,32,2,September,Sep-17,32017,12,Tuesday
2017-09-13,2017,3,8,2,32,3,September,Sep-17,32017,13,Wednesday
2017-09-14,2017,3,8,2,32,4,September,Sep-17,32017,14,Thursday
2017-09-15,2017,3,8,2,32,5,September,Sep-17,32017,15,Friday
2017-09-16,2017,3,8,2,32,6,September,Sep-17,32017,16,Saturday
2017-09-17,2017,3,8,2,33,0,September,Sep-17,32017,17,Sunday
2017-09-18,2017,3,8,2,33,1,September,Sep-17,32017,18,Monday
2017-09-19,2017,3,8,2,33,2,September,Sep-17,32017,19,Tuesday
2017-09-20,2017,3,8,2,33,3,September,Sep-17,32017,20,Wednesday
2017-09-21,2017,3,8,2,33,4,September,Sep-17,32017,21,Thursday
2017-09-22,2017,3,8,2,33,5,September,Sep-17,32017,22,Friday
2017-09-23,2017,3,8,2,33,6,September,Sep-17,32017,23,Saturday
2017-09-24,2017,3,8,2,34,0,September,Sep-17,32017,24,Sunday
2017-09-25,2017,3,8,2,34,1,September,Sep-17,32017,25,Monday
2017-09-26,2017,3,8,2,34,2,September,Sep-17,32017,26,Tuesday
2017-09-27,2017,3,8,2,34,3,September,Sep-17,32017,27,Wednesday
2017-09-28,2017,3,8,2,34,4,September,Sep-17,32017,28,Thursday
2017-09-29,2017,3,8,2,34,5,September,Sep-17,32017,29,Friday
2017-09-30,2017,3,8,2,34,6,September,Sep-17,32017,30,Saturday
2017-10-01,2017,3,8,2,35,0,September,Sep-17,32017,1,Sunday
2017-10-02,2017,3,8,2,35,1,September,Sep-17,32017,2,Monday
2017-10-03,2017,3,8,2,35,2,September,Sep-17,32017,3,Tuesday
2017-10-04,2017,3,8,2,35,3,September,Sep-17,32017,4,Wednesday
2017-10-05,2017,3,8,2,35,4,September,Sep-17,32017,5,Thursday
2017-10-06,2017,3,8,2,35,5,September,Sep-17,32017,6,Friday
2017-10-07,2017,3,8,2,35,6,September,Sep-17,32017,7,Saturday
2017-10-08,2017,3,9,3,36,0,October,Oct-17,32017,8,Sunday
2017-10-09,2017,3,9,3,36,1,October,Oct-17,32017,9,Monday
2017-10-10,2017,3,9,3,36,2,October,Oct-17,32017,10,Tuesday
2017-10-11,2017,3,9,3,36,3,October,Oct-17,32017,11,Wednesday
2017-10-12,2017,3,9,3,36,4,October,Oct-17,32017,12,Thursday
2017-10-13,2017,3,9,3,36,5,October,Oct-17,32017,13,Friday
2017-10-14,2017,3,9,3,36,6,October,Oct-17,32017,14,Saturday
2017-10-15,2017,3,9,3,37,0,October,Oct-17,32017,15,Sunday
2017-10-16,2017,3,9,3,37,1,October,Oct-17,32017,16,Monday
2017-10-17,2017,3,9,3,37,2,October,Oct-17,32017,17,Tuesday
2017-10-18,2017,3,9,3,37,3,October,Oct-17,32017,18,Wednesday
2017-10-19,2017,3,9,3,37,4,October,Oct-17,32017,19,Thursday
2017-10-20,2017,3,9,3,37,5,October,Oct-17,32017,20,Friday
2017-10-21,2017,3,9,3,37,6,October,Oct-17,32017,21,Saturday
2017-10-22,2017,3,9,3,38,0,October,Oct-17,32017,22,Sunday
2017-10-23,2017,3,9,3,38,1,October,Oct-17,32017,23,Monday
2017-10-24,2017,3,9,3,38,2,October,Oct-17,32017,24,Tuesday
2017-10-25,2017,3,9,3,38,3,October,Oct-17,32017,25,Wednesday
2017-10-26,2017,3,9,3,38,4,October,Oct-17,32017,26,Thursday
2017-10-27,2017,3,9,3,38,5,October,Oct-17,32017,27,Friday
2017-10-28,2017,3,9,3,38,6,October,Oct-17,32017,28,Saturday
2017-10-29,2017,3,9,3,39,0,October,Oct-17,32017,29,Sunday
2017-10-30,2017,3,9,3,39,1,October,Oct-17,32017,30,Monday
2017-10-31,2017,3,9,3,39,2,October,Oct-17,32017,31,Tuesday
2017-11-01,2017,3,9,3,39,3,October,Oct-17,32017,1,Wednesday
2017-11-02,2017,3,9,3,39,4,October,Oct-17,32017,2,Thursday
2017-11-03,2017,3,9,3,39,5,October,Oct-17,32017,3,Friday
2017-11-04,2017,3,9,3,39,6,October,Oct-17,32017,4,Saturday
2017-11-05,2017,4,10,1,40,0,November,Nov-17,42017,5,Sunday
2017-11-06,2017,4,10,1,40,1,November,Nov-17,42017,6,Monday
2017-11-07,2017,4,10,1,40,2,November,Nov-17,42017,7,Tuesday
2017-11-08,2017,4,10,1,40,3,November,Nov-17,42017,8,Wednesday
2017-11-09,2017,4,10,1,40,4,November,Nov-17,42017,9,Thursday
2017-11-10,2017,4,10,1,40,5,November,Nov-17,42017,10,Friday
2017-11-11,2017,4,10,1,40,6,November,Nov-17,42017,11,Saturday
2017-11-12,2017,4,10,1,41,0,November,Nov-17,42017,12,Sunday
2017-11-13,2017,4,10,1,41,1,November,Nov-17,42017,13,Monday
2017-11-14,2017,4,10,1,41,2,November,Nov-17,42017,14,Tuesday
2017-11-15,2017,4,10,1,41,3,November,Nov-17,42017,15,Wednesday
2017-11-16,2017,4,10,1,41,4,November,Nov-17,42017,16,Thursday
2017-11-17,2017,4,10,1,41,5,November,Nov-17,42017,17,Friday
2017-11-18,2017,4,10,1,41,6,November,Nov-17,42017,18,Saturday
2017-11-19,2017,4,10,1,42,0,November,Nov-17,42017,19,Sunday
2017-11-20,2017,4,10,1,42,1,November,Nov-17,42017,20,Monday
2017-11-21,2017,4,10,1,42,2,November,Nov-17,42017,21,Tuesday
2017-11-22,2017,4,10,1,42,3,November,Nov-17,42017,22,Wednesday
2017-11-23,2017,4,10,1,42,4,November,Nov-17,42017,23,Thursday
2017-11-24,2017,4,10,1,42,5,November,Nov-17,42017,24,Friday
2017-11-25,2017,4,10,1,42,6,November,Nov-17,42017,25,Saturday
2017-11-26,2017,4,10,1,43,0,November,Nov-17,42017,26,Sunday
2017-11-27,2017,4,10,1,43,1,November,Nov-17,42017,27,Monday
2017-11-28,2017,4,10,1,43,2,November,Nov-17,42017,28,Tuesday
2017-11-29,2017,4,10,1,43,3,November,Nov-17,42017,29,Wednesday
2017-11-30,2017,4,10,1,43,4,November,Nov-17,42017,30,Thursday
2017-12-01,2017,4,10,1,43,5,November,Nov-17,42017,1,Friday
2017-12-02,2017,4,10,1,43,6,November,Nov-17,42017,2,Saturday
2017-12-03,2017,4,11,2,44,0,December,Dec-17,42017,3,Sunday
2017-12-04,2017,4,11,2,44,1,December,Dec-17,42017,4,Monday
2017-12-05,2017,4,11,2,44,2,December,Dec-17,42017,5,Tuesday
2017-12-06,2017,4,11,2,44,3,December,Dec-17,42017,6,Wednesday
2017-12-07,2017,4,11,2,44,4,December,Dec-17,42017,7,Thursday
2017-12-08,2017,4,11,2,44,5,December,Dec-17,42017,8,Friday
2017-12-09,2017,4,11,2,44,6,December,Dec-17,42017,9,Saturday
2017-12-10,2017,4,11,2,45,0,December,Dec-17,42017,10,Sunday
2017-12-11,2017,4,11,2,45,1,December,Dec-17,42017,11,Monday
2017-12-12,2017,4,11,2,45,2,December,Dec-17,42017,12,Tuesday
2017-12-13,2017,4,11,2,45,3,December,Dec-17,42017,13,Wednesday
2017-12-14,2017,4,11,2,45,4,December,Dec-17,42017,14,Thursday
2017-12-15,2017,4,11,2,45,5,December,Dec-17,42017,15,Friday
2017-12-16,2017,4,11,2,45,6,December,Dec-17,42017,16,Saturday
2017-12-17,2017,4,11,2,46,0,December,Dec-17,42017,17,Sunday
2017-12-18,2017,4,11,2,46,1,December,Dec-17,42017,18,Monday
2017-12-19,2017,4,11,2,46,2,December,Dec-17,42017,19,Tuesday
2017-12-20,2017,4,11,2,46,3,December,Dec-17,42017,20,Wednesday
2017-12-21,2017,4,11,2,46,4,December,Dec-17,42017,21,Thursday
2017-12-22,2017,4,11,2,46,5,December,Dec-17,42017,22,Friday
2017-12-23,2017,4,11,2,46,6,December,Dec-17,42017,23,Saturday
2017-12-24,2017,4,11,2,47,0,December,Dec-17,42017,24,Sunday
2017-12-25,2017,4,11,2,47,1,December,Dec-17,42017,25,Monday
2017-12-26,2017,4,11,2,47,2,December,Dec-17,42017,26,Tuesday
2017-12-27,2017,4,11,2,47,3,December,Dec-17,42017,27,Wednesday
2017-12-28,2017,4,11,2,47,4,December,Dec-17,42017,28,Thursday
2017-12-29,2017,4,11,2,47,5,December,Dec-17,42017,29,Friday
2017-12-30,2017,4,11,2,47,6,December,Dec-17,42017,30,Saturday
2017-12-31,2017,4,11,2,48,0,December,Dec-17,42017,31,Sunday
2018-01-01,2017,4,11,2,48,1,December,Dec-17,42017,1,Monday
2018-01-02,2017,4,11,2,48,2,December,Dec-17,42017,2,Tuesday
2018-01-03,2017,4,11,2,48,3,December,Dec-17,42017,3,Wednesday
2018-01-04,2017,4,11,2,48,4,December,Dec-17,42017,4,Thursday
2018-01-05,2017,4,11,2,48,5,December,Dec-17,42017,5,Friday
2018-01-06,2017,4,11,2,48,6,December,Dec-17,42017,6,Saturday
2018-01-07,2017,4,12,3,49,0,January,Jan-17,42017,7,Sunday
2018-01-08,2017,4,12,3,49,1,January,Jan-17,42017,8,Monday
2018-01-09,2017,4,12,3,49,2,January,Jan-17,42017,9,Tuesday
2018-01-10,2017,4,12,3,49,3,January,Jan-17,42017,10,Wednesday
2018-01-11,2017,4,12,3,49,4,January,Jan-17,42017,11,Thursday
2018-01-12,2017,4,12,3,49,5,January,Jan-17,42017,12,Friday
2018-01-13,2017,4,12,3,49,6,January,Jan-17,42017,13,Saturday
2018-01-14,2017,4,12,3,50,0,January,Jan-17,42017,14,Sunday
2018-01-15,2017,4,12,3,50,1,January,Jan-17,42017,15,Monday
2018-01-16,2017,4,12,3,50,2,January,Jan-17,42017,16,Tuesday
2018-01-17,2017,4,12,3,50,3,January,Jan-17,42017,17,Wednesday
2018-01-18,2017,4,12,3,50,4,January,Jan-17,42017,18,Thursday
2018-01-19,2017,4,12,3,50,5,January,Jan-17,42017,19,Friday
2018-01-20,2017,4,12,3,50,6,January,Jan-17,42017,20,Saturday
2018-01-21,2017,4,12,3,51,0,January,Jan-17,42017,21,Sunday
2018-01-22,2017,4,12,3,51,1,January,Jan-17,42017,22,Monday
2018-01-23,2017,4,12,3,51,2,January,Jan-17,42017,23,Tuesday
2018-01-24,2017,4,12,3,51,3,January,Jan-17,42017,24,Wednesday
2018-01-25,2017,4,12,3,51,4,January,Jan-17,42017,25,Thursday
2018-01-26,2017,4,12,3,51,5,January,Jan-17,42017,26,Friday
2018-01-27,2017,4,12,3,51,6,January,Jan-17,42017,27,Saturday
2018-01-28,2017,4,12,3,52,0,January,Jan-17,42017,28,Sunday
2018-01-29,2017,4,12,3,52,1,January,Jan-17,42017,29,Monday
2018-01-30,2017,4,12,3,52,2,January,Jan-17,42017,30,Tuesday
2018-01-31,2017,4,12,3,52,3,January,Jan-17,42017,31,Wednesday
2018-02-01,2017,4,12,3,52,4,January,Jan-17,42017,1,Thursday
2018-02-02,2017,4,12,3,52,5,January,Jan-17,42017,2,Friday
2018-02-03,2017,4,12,3,52,6,January,Jan-17,42017,3,Saturday
2018-02-04,2018,1,1,1,1,0,February,Feb-18,12018,4,Sunday
2018-02-05,2018,1,1,1,1,1,February,Feb-18,12018,5,Monday
2018-02-06,2018,1,1,1,1,2,February,Feb-18,12018,6,Tuesday
2018-02-07,2018,1,1,1,1,3,February,Feb-18,12018,7,Wednesday
2018-02-08,2018,1,1,1,1,4,February,Feb-18,12018,8,Thursday
2018-02-09,2018,1,1,1,1,5,February,Feb-18,12018,9,Friday
2018-02-10,2018,1,1,1,1,6,February,Feb-18,12018,10,Saturday
2018-02-11,2018,1,1,1,2,0,February,Feb-18,12018,11,Sunday
2018-02-12,2018,1,1,1,2,1,February,Feb-18,12018,12,Monday
2018-02-13,2018,1,1,1,2,2,February,Feb-18,12018,13,Tuesday
2018-02-14,2018,1,1,1,2,3,February,Feb-18,12018,14,Wednesday
2018-02-15,2018,1,1,1,2,4,February,Feb-18,12018,15,Thursday
2018-02-16,2018,1,1,1,2,5,February,Feb-18,12018,16,Friday
2018-02-17,2018,1,1,1,2,6,February,Feb-18,12018,17,Saturday
2018-02-18,2018,1,1,1,3,0,February,Feb-18,12018,18,Sunday
2018-02-19,2018,1,1,1,3,1,February,Feb-18,12018,19,Monday
2018-02-20,2018,1,1,1,3,2,February,Feb-18,12018,20,Tuesday
2018-02-21,2018,1,1,1,3,3,February,Feb-18,12018,21,Wednesday
2018-02-22,2018,1,1,1,3,4,February,Feb-18,12018,22,Thursday
2018-02-23,2018,1,1,1,3,5,February,Feb-18,12018,23,Friday
2018-02-24,2018,1,1,1,3,6,February,Feb-18,12018,24,Saturday
2018-02-25,2018,1,1,1,4,0,February,Feb-18,12018,25,Sunday
2018-02-26,2018,1,1,1,4,1,February,Feb-18,12018,26,Monday
2018-02-27,2018,1,1,1,4,2,February,Feb-18,12018,27,Tuesday
2018-02-28,2018,1,1,1,4,3,February,Feb-18,12018,28,Wednesday
2018-03-01,2018,1,1,1,4,4,February,Feb-18,12018,1,Thursday
2018-03-02,2018,1,1,1,4,5,February,Feb-18,12018,2,Friday
2018-03-03,2018,1,1,1,4,6,February,Feb-18,12018,3,Saturday
2018-03-04,2018,1,2,2,5,0,March,Mar-18,12018,4,Sunday
2018-03-05,2018,1,2,2,5,1,March,Mar-18,12018,5,Monday
2018-03-06,2018,1,2,2,5,2,March,Mar-18,12018,6,Tuesday
2018-03-07,2018,1,2,2,5,3,March,Mar-18,12018,7,Wednesday
2018-03-08,2018,1,2,2,5,4,March,Mar-18,12018,8,Thursday
2018-03-09,2018,1,2,2,5,5,March,Mar-18,12018,9,Friday
2018-03-10,2018,1,2,2,5,6,March,Mar-18,12018,10,Saturday
2018-03-11,2018,1,2,2,6,0,March,Mar-18,12018,11,Sunday
2018-03-12,2018,1,2,2,6,1,March,Mar-18,12018,12,Monday
2018-03-13,2018,1,2,2,6,2,March,Mar-18,12018,13,Tuesday
2018-03-14,2018,1,2,2,6,3,March,Mar-18,12018,14,Wednesday
2018-03-15,2018,1,2,2,6,4,March,Mar-18,12018,15,Thursday
2018-03-16,2018,1,2,2,6,5,March,Mar-18,12018,16,Friday
2018-03-17,2018,1,2,2,6,6,March,Mar-18,12018,17,Saturday
2018-03-18,2018,1,2,2,7,0,March,Mar-18,12018,18,Sunday
2018-03-19,2018,1,2,2,7,1,March,Mar-18,12018,19,Monday
2018-03-20,2018,1,2,2,7,2,March,Mar-18,12018,20,Tuesday
2018-03-21,2018,1,2,2,7,3,March,Mar-18,12018,21,Wednesday
2018-03-22,2018,1,2,2,7,4,March,Mar-18,12018,22,Thursday
2018-03-23,2018,1,2,2,7,5,March,Mar-18,12018,23,Friday
2018-03-24,2018,1,2,2,7,6,March,Mar-18,12018,24,Saturday
2018-03-25,2018,1,2,2,8,0,March,Mar-18,12018,25,Sunday
2018-03-26,2018,1,2,2,8,1,March,Mar-18,12018,26,Monday
2018-03-27,2018,1,2,2,8,2,March,Mar-18,12018,27,Tuesday
2018-03-28,2018,1,2,2,8,3,March,Mar-18,12018,28,Wednesday
2018-03-29,2018,1,2,2,8,4,March,Mar-18,12018,29,Thursday
2018-03-30,2018,1,2,2,8,5,March,Mar-18,12018,30,Friday
2018-03-31,2018,1,2,2,8,6,March,Mar-18,12018,31,Saturday
2018-04-01,2018,1,2,2,9,0,March,Mar-18,12018,1,Sunday
2018-04-02,2018,1,2,2,9,1,March,Mar-18,12018,2,Monday
2018-04-03,2018,1,2,2,9,2,March,Mar-18,12018,3,Tuesday
2018-04-04,2018,1,2,2,9,3,March,Mar-18,12018,4,Wednesday
2018-04-05,2018,1,2,2,9,4,March,Mar-18,12018,5,Thursday
2018-04-06,2018,1,2,2,9,5,March,Mar-18,12018,6,Friday
2018-04-07,2018,1,2,2,9,6,March,Mar-18,12018,7,Saturday
2018-04-08,2018,1,3,3,10,0,April,Apr-18,12018,8,Sunday
2018-04-09,2018,1,3,3,10,1,April,Apr-18,12018,9,Monday
2018-04-10,2018,1,3,3,10,2,April,Apr-18,12018,10,Tuesday
2018-04-11,2018,1,3,3,10,3,April,Apr-18,12018,11,Wednesday
2018-04-12,2018,1,3,3,10,4,April,Apr-18,12018,12,Thursday
2018-04-13,2018,1,3,3,10,5,April,Apr-18,12018,13,Friday
2018-04-14,2018,1,3,3,10,6,April,Apr-18,12018,14,Saturday
2018-04-15,2018,1,3,3,11,0,April,Apr-18,12018,15,Sunday
2018-04-16,2018,1,3,3,11,1,April,Apr-18,12018,16,Monday
2018-04-17,2018,1,3,3,11,2,April,Apr-18,12018,17,Tuesday
2018-04-18,2018,1,3,3,11,3,April,Apr-18,12018,18,Wednesday
2018-04-19,2018,1,3,3,11,4,April,Apr-18,12018,19,Thursday
2018-04-20,2018,1,3,3,11,5,April,Apr-18,12018,20,Friday
2018-04-21,2018,1,3,3,11,6,April,Apr-18,12018,21,Saturday
2018-04-22,2018,1,3,3,12,0,April,Apr-18,12018,22,Sunday
2018-04-23,2018,1,3,3,12,1,April,Apr-18,12018,23,Monday
2018-04-24,2018,1,3,3,12,2,April,Apr-18,12018,24,Tuesday
2018-04-25,2018,1,3,3,12,3,April,Apr-18,12018,25,Wednesday
2018-04-26,2018,1,3,3,12,4,April,Apr-18,12018,26,Thursday
2018-04-27,2018,1,3,3,12,5,April,Apr-18,12018,27,Friday
2018-04-28,2018,1,3,3,12,6,April,Apr-18,12018,28,Saturday
2018-04-29,2018,1,3,3,13,0,April,Apr-18,12018,29,Sunday
2018-04-30,2018,1,3,3,13,1,April,Apr-18,12018,30,Monday
2018-05-01,2018,1,3,3,13,2,April,Apr-18,12018,1,Tuesday
2018-05-02,2018,1,3,3,13,3,April,Apr-18,12018,2,Wednesday
2018-05-03,2018,1,3,3,13,4,April,Apr-18,12018,3,Thursday
2018-05-04,2018,1,3,3,13,5,April,Apr-18,12018,4,Friday
2018-05-05,2018,1,3,3,13,6,April,Apr-18,12018,5,Saturday
2018-05-06,2018,2,4,1,14,0,May,May-18,22018,6,Sunday
2018-05-07,2018,2,4,1,14,1,May,May-18,22018,7,Monday
2018-05-08,2018,2,4,1,14,2,May,May-18,22018,8,Tuesday
2018-05-09,2018,2,4,1,14,3,May,May-18,22018,9,Wednesday
2018-05-10,2018,2,4,1,14,4,May,May-18,22018,10,Thursday
2018-05-11,2018,2,4,1,14,5,May,May-18,22018,11,Friday
2018-05-12,2018,2,4,1,14,6,May,May-18,22018,12,Saturday
2018-05-13,2018,2,4,1,15,0,May,May-18,22018,13,Sunday
2018-05-14,2018,2,4,1,15,1,May,May-18,22018,14,Monday
2018-05-15,2018,2,4,1,15,2,May,May-18,22018,15,Tuesday
2018-05-16,2018,2,4,1,15,3,May,May-18,22018,16,Wednesday
2018-05-17,2018,2,4,1,15,4,May,May-18,22018,17,Thursday
2018-05-18,2018,2,4,1,15,5,May,May-18,22018,18,Friday
2018-05-19,2018,2,4,1,15,6,May,May-18,22018,19,Saturday
2018-05-20,2018,2,4,1,16,0,May,May-18,22018,20,Sunday
2018-05-21,2018,2,4,1,16,1,May,May-18,22018,21,Monday
2018-05-22,2018,2,4,1,16,2,May,May-18,22018,22,Tuesday
2018-05-23,2018,2,4,1,16,3,May,May-18,22018,23,Wednesday
2018-05-24,2018,2,4,1,16,4,May,May-18,22018,24,Thursday
2018-05-25,2018,2,4,1,16,5,May,May-18,22018,25,Friday
2018-05-26,2018,2,4,1,16,6,May,May-18,22018,26,Saturday
2018-05-27,2018,2,4,1,17,0,May,May-18,22018,27,Sunday
2018-05-28,2018,2,4,1,17,1,May,May-18,22018,28,Monday
2018-05-29,2018,2,4,1,17,2,May,May-18,22018,29,Tuesday
2018-05-30,2018,2,4,1,17,3,May,May-18,22018,30,Wednesday
2018-05-31,2018,2,4,1,17,4,May,May-18,22018,31,Thursday
2018-06-01,2018,2,4,1,17,5,May,May-18,22018,1,Friday
2018-06-02,2018,2,4,1,17,6,May,May-18,22018,2,Saturday
2018-06-03,2018,2,5,2,18,0,June,Jun-18,22018,3,Sunday
2018-06-04,2018,2,5,2,18,1,June,Jun-18,22018,4,Monday
2018-06-05,2018,2,5,2,18,2,June,Jun-18,22018,5,Tuesday
2018-06-06,2018,2,5,2,18,3,June,Jun-18,22018,6,Wednesday
2018-06-07,2018,2,5,2,18,4,June,Jun-18,22018,7,Thursday
2018-06-08,2018,2,5,2,18,5,June,Jun-18,22018,8,Friday
2018-06-09,2018,2,5,2,18,6,June,Jun-18,22018,9,Saturday
2018-06-10,2018,2,5,2,19,0,June,Jun-18,22018,10,Sunday
2018-06-11,2018,2,5,2,19,1,June,Jun-18,22018,11,Monday
2018-06-12,2018,2,5,2,19,2,June,Jun-18,22018,12,Tuesday
2018-06-13,2018,2,5,2,19,3,June,Jun-18,22018,13,Wednesday
2018-06-14,2018,2,5,2,19,4,June,Jun-18,22018,14,Thursday
2018-06-15,2018,2,5,2,19,5,June,Jun-18,22018,15,Friday
2018-06-16,2018,2,5,2,19,6,June,Jun-18,22018,16,Saturday
2018-06-17,2018,2,5,2,20,0,June,Jun-18,22018,17,Sunday
2018-06-18,2018,2,5,2,20,1,June,Jun-18,22018,18,Monday
2018-06-19,2018,2,5,2,20,2,June,Jun-18,22018,19,Tuesday
2018-06-20,2018,2,5,2,20,3,June,Jun-18,22018,20,Wednesday
2018-06-21,2018,2,5,2,20,4,June,Jun-18,22018,21,Thursday
2018-06-22,2018,2,5,2,20,5,June,Jun-18,22018,22,Friday
2018-06-23,2018,2,5,2,20,6,June,Jun-18,22018,23,Saturday
2018-06-24,2018,2,5,2,21,0,June,Jun-18,22018,24,Sunday
2018-06-25,2018,2,5,2,21,1,June,Jun-18,22018,25,Monday
2018-06-26,2018,2,5,2,21,2,June,Jun-18,22018,26,Tuesday
2018-06-27,2018,2,5,2,21,3,June,Jun-18,22018,27,Wednesday
2018-06-28,2018,2,5,2,21,4,June,Jun-18,22018,28,Thursday
2018-06-29,2018,2,5,2,21,5,June,Jun-18,22018,29,Friday
2018-06-30,2018,2,5,2,21,6,June,Jun-18,22018,30,Saturday
2018-07-01,2018,2,5,2,22,0,June,Jun-18,22018,1,Sunday
2018-07-02,2018,2,5,2,22,1,June,Jun-18,22018,2,Monday
2018-07-03,2018,2,5,2,22,2,June,Jun-18,22018,3,Tuesday
2018-07-04,2018,2,5,2,22,3,June,Jun-18,22018,4,Wednesday
2018-07-05,2018,2,5,2,22,4,June,Jun-18,22018,5,Thursday
2018-07-06,2018,2,5,2,22,5,June,Jun-18,22018,6,Friday
2018-07-07,2018,2,5,2,22,6,June,Jun-18,22018,7,Saturday
2018-07-08,2018,2,6,3,23,0,July,Jul-18,22018,8,Sunday
2018-07-09,2018,2,6,3,23,1,July,Jul-18,22018,9,Monday
2018-07-10,2018,2,6,3,23,2,July,Jul-18,22018,10,Tuesday
2018-07-11,2018,2,6,3,23,3,July,Jul-18,22018,11,Wednesday
2018-07-12,2018,2,6,3,23,4,July,Jul-18,22018,12,Thursday
2018-07-13,2018,2,6,3,23,5,July,Jul-18,22018,13,Friday
2018-07-14,2018,2,6,3,23,6,July,Jul-18,22018,14,Saturday
2018-07-15,2018,2,6,3,24,0,July,Jul-18,22018,15,Sunday
2018-07-16,2018,2,6,3,24,1,July,Jul-18,22018,16,Monday
2018-07-17,2018,2,6,3,24,2,July,Jul-18,22018,17,Tuesday
2018-07-18,2018,2,6,3,24,3,July,Jul-18,22018,18,Wednesday
2018-07-19,2018,2,6,3,24,4,July,Jul-18,22018,19,Thursday
2018-07-20,2018,2,6,3,24,5,July,Jul-18,22018,20,Friday
2018-07-21,2018,2,6,3,24,6,July,Jul-18,22018,21,Saturday
2018-07-22,2018,2,6,3,25,0,July,Jul-18,22018,22,Sunday
2018-07-23,2018,2,6,3,25,1,July,Jul-18,22018,23,Monday
2018-07-24,2018,2,6,3,25,2,July,Jul-18,22018,24,Tuesday
2018-07-25,2018,2,6,3,25,3,July,Jul-18,22018,25,Wednesday
2018-07-26,2018,2,6,3,25,4,July,Jul-18,22018,26,Thursday
2018-07-27,2018,2,6,3,25,5,July,Jul-18,22018,27,Friday
2018-07-28,2018,2,6,3,25,6,July,Jul-18,22018,28,Saturday
2018-07-29,2018,2,6,3,26,0,July,Jul-18,22018,29,Sunday
2018-07-30,2018,2,6,3,26,1,July,Jul-18,22018,30,Monday
2018-07-31,2018,2,6,3,26,2,July,Jul-18,22018,31,Tuesday
2018-08-01,2018,2,6,3,26,3,July,Jul-18,22018,1,Wednesday
2018-08-02,2018,2,6,3,26,4,July,Jul-18,22018,2,Thursday
2018-08-03,2018,2,6,3,26,5,July,Jul-18,22018,3,Friday
2018-08-04,2018,2,6,3,26,6,July,Jul-18,22018,4,Saturday
2018-08-05,2018,3,7,1,27,0,August,Aug-18,32018,5,Sunday
2018-08-06,2018,3,7,1,27,1,August,Aug-18,32018,6,Monday
2018-08-07,2018,3,7,1,27,2,August,Aug-18,32018,7,Tuesday
2018-08-08,2018,3,7,1,27,3,August,Aug-18,32018,8,Wednesday
2018-08-09,2018,3,7,1,27,4,August,Aug-18,32018,9,Thursday
2018-08-10,2018,3,7,1,27,5,August,Aug-18,32018,10,Friday
2018-08-11,2018,3,7,1,27,6,August,Aug-18,32018,11,Saturday
2018-08-12,2018,3,7,1,28,0,August,Aug-18,32018,12,Sunday
2018-08-13,2018,3,7,1,28,1,August,Aug-18,32018,13,Monday
2018-08-14,2018,3,7,1,28,2,August,Aug-18,32018,14,Tuesday
2018-08-15,2018,3,7,1,28,3,August,Aug-18,32018,15,Wednesday
2018-08-16,2018,3,7,1,28,4,August,Aug-18,32018,16,Thursday
2018-08-17,2018,3,7,1,28,5,August,Aug-18,32018,17,Friday
2018-08-18,2018,3,7,1,28,6,August,Aug-18,32018,18,Saturday
2018-08-19,2018,3,7,1,29,0,August,Aug-18,32018,19,Sunday
2018-08-20,2018,3,7,1,29,1,August,Aug-18,32018,20,Monday
2018-08-21,2018,3,7,1,29,2,August,Aug-18,32018,21,Tuesday
2018-08-22,2018,3,7,1,29,3,August,Aug-18,32018,22,Wednesday
2018-08-23,2018,3,7,1,29,4,August,Aug-18,32018,23,Thursday
2018-08-24,2018,3,7,1,29,5,August,Aug-18,32018,24,Friday
2018-08-25,2018,3,7,1,29,6,August,Aug-18,32018,25,Saturday
2018-08-26,2018,3,7,1,30,0,August,Aug-18,32018,26,Sunday
2018-08-27,2018,3,7,1,30,1,August,Aug-18,32018,27,Monday
2018-08-28,2018,3,7,1,30,2,August,Aug-18,32018,28,Tuesday
2018-08-29,2018,3,7,1,30,3,August,Aug-18,32018,29,Wednesday
2018-08-30,2018,3,7,1,30,4,August,Aug-18,32018,30,Thursday
2018-08-31,2018,3,7,1,30,5,August,Aug-18,32018,31,Friday
2018-09-01,2018,3,7,1,30,6,August,Aug-18,32018,1,Saturday
2018-09-02,2018,3,8,2,31,0,September,Sep-18,32018,2,Sunday
2018-09-03,2018,3,8,2,31,1,September,Sep-18,32018,3,Monday
2018-09-04,2018,3,8,2,31,2,September,Sep-18,32018,4,Tuesday
2018-09-05,2018,3,8,2,31,3,September,Sep-18,32018,5,Wednesday
2018-09-06,2018,3,8,2,31,4,September,Sep-18,32018,6,Thursday
2018-09-07,2018,3,8,2,31,5,September,Sep-18,32018,7,Friday
2018-09-08,2018,3,8,2,31,6,September,Sep-18,32018,8,Saturday
2018-09-09,2018,3,8,2,32,0,September,Sep-18,32018,9,Sunday
2018-09-10,2018,3,8,2,32,1,September,Sep-18,32018,10,Monday
2018-09-11,2018,3,8,2,32,2,September,Sep-18,32018,11,Tuesday
2018-09-12,2018,3,8,2,32,3,September,Sep-18,32018,12,Wednesday
2018-09-13,2018,3,8,2,32,4,September,Sep-18,32018,13,Thursday
2018-09-14,2018,3,8,2,32,5,September,Sep-18,32018,14,Friday
2018-09-15,2018,3,8,2,32,6,September,Sep-18,32018,15,Saturday
2018-09-16,2018,3,8,2,33,0,September,Sep-18,32018,16,Sunday
2018-09-17,2018,3,8,2,33,1,September,Sep-18,32018,17,Monday
2018-09-18,2018,3,8,2,33,2,September,Sep-18,32018,18,Tuesday
2018-09-19,2018,3,8,2,33,3,September,Sep-18,32018,19,Wednesday
2018-09-20,2018,3,8,2,33,4,September,Sep-18,32018,20,Thursday
2018-09-21,2018,3,8,2,33,5,September,Sep-18,32018,21,Friday
2018-09-22,2018,3,8,2,33,6,September,Sep-18,32018,22,Saturday
2018-09-23,2018,3,8,2,34,0,September,Sep-18,32018,23,Sunday
2018-09-24,2018,3,8,2,34,1,September,Sep-18,32018,24,Monday
2018-09-25,2018,3,8,2,34,2,September,Sep-18,32018,25,Tuesday
2018-09-26,2018,3,8,2,34,3,September,Sep-18,32018,26,Wednesday
2018-09-27,2018,3,8,2,34,4,September,Sep-18,32018,27,Thursday
2018-09-28,2018,3,8,2,34,5,September,Sep-18,32018,28,Friday
2018-09-29,2018,3,8,2,34,6,September,Sep-18,32018,29,Saturday
2018-09-30,2018,3,8,2,35,0,September,Sep-18,32018,30,Sunday
2018-10-01,2018,3,8,2,35,1,September,Sep-18,32018,1,Monday
2018-10-02,2018,3,8,2,35,2,September,Sep-18,32018,2,Tuesday
2018-10-03,2018,3,8,2,35,3,September,Sep-18,32018,3,Wednesday
2018-10-04,2018,3,8,2,35,4,September,Sep-18,32018,4,Thursday
2018-10-05,2018,3,8,2,35,5,September,Sep-18,32018,5,Friday
2018-10-06,2018,3,8,2,35,6,September,Sep-18,32018,6,Saturday
2018-10-07,2018,3,9,3,36,0,October,Oct-18,32018,7,Sunday
2018-10-08,2018,3,9,3,36,1,October,Oct-18,32018,8,Monday
2018-10-09,2018,3,9,3,36,2,October,Oct-18,32018,9,Tuesday
2018-10-10,2018,3,9,3,36,3,October,Oct-18,32018,10,Wednesday
2018-10-11,2018,3,9,3,36,4,October,Oct-18,32018,11,Thursday
2018-10-12,2018,3,9,3,36,5,October,Oct-18,32018,12,Friday
2018-10-13,2018,3,9,3,36,6,October,Oct-18,32018,13,Saturday
2018-10-14,2018,3,9,3,37,0,October,Oct-18,32018,14,Sunday
2018-10-15,2018,3,9,3,37,1,October,Oct-18,32018,15,Monday
2018-10-16,2018,3,9,3,37,2,October,Oct-18,32018,16,Tuesday
2018-10-17,2018,3,9,3,37,3,October,Oct-18,32018,17,Wednesday
2018-10-18,2018,3,9,3,37,4,October,Oct-18,32018,18,Thursday
2018-10-19,2018,3,9,3,37,5,October,Oct-18,32018,19,Friday
2018-10-20,2018,3,9,3,37,6,October,Oct-18,32018,20,Saturday
2018-10-21,2018,3,9,3,38,0,October,Oct-18,32018,21,Sunday
2018-10-22,2018,3,9,3,38,1,October,Oct-18,32018,22,Monday
2018-10-23,2018,3,9,3,38,2,October,Oct-18,32018,23,Tuesday
2018-10-24,2018,3,9,3,38,3,October,Oct-18,32018,24,Wednesday
2018-10-25,2018,3,9,3,38,4,October,Oct-18,32018,25,Thursday
2018-10-26,2018,3,9,3,38,5,October,Oct-18,32018,26,Friday
2018-10-27,2018,3,9,3,38,6,October,Oct-18,32018,27,Saturday
2018-10-28,2018,3,9,3,39,0,October,Oct-18,32018,28,Sunday
2018-10-29,2018,3,9,3,39,1,October,Oct-18,32018,29,Monday
2018-10-30,2018,3,9,3,39,2,October,Oct-18,32018,30,Tuesday
2018-10-31,2018,3,9,3,39,3,October,Oct-18,32018,31,Wednesday
2018-11-01,2018,3,9,3,39,4,October,Oct-18,32018,1,Thursday
2018-11-02,2018,3,9,3,39,5,October,Oct-18,32018,2,Friday
2018-11-03,2018,3,9,3,39,6,October,Oct-18,32018,3,Saturday
2018-11-04,2018,4,10,1,40,0,November,Nov-18,42018,4,Sunday
2018-11-05,2018,4,10,1,40,1,November,Nov-18,42018,5,Monday
2018-11-06,2018,4,10,1,40,2,November,Nov-18,42018,6,Tuesday
2018-11-07,2018,4,10,1,40,3,November,Nov-18,42018,7,Wednesday
2018-11-08,2018,4,10,1,40,4,November,Nov-18,42018,8,Thursday
2018-11-09,2018,4,10,1,40,5,November,Nov-18,42018,9,Friday
2018-11-10,2018,4,10,1,40,6,November,Nov-18,42018,10,Saturday
2018-11-11,2018,4,10,1,41,0,November,Nov-18,42018,11,Sunday
2018-11-12,2018,4,10,1,41,1,November,Nov-18,42018,12,Monday
2018-11-13,2018,4,10,1,41,2,November,Nov-18,42018,13,Tuesday
2018-11-14,2018,4,10,1,41,3,November,Nov-18,42018,14,Wednesday
2018-11-15,2018,4,10,1,41,4,November,Nov-18,42018,15,Thursday
2018-11-16,2018,4,10,1,41,5,November,Nov-18,42018,16,Friday
2018-11-17,2018,4,10,1,41,6,November,Nov-18,42018,17,Saturday
2018-11-18,2018,4,10,1,42,0,November,Nov-18,42018,18,Sunday
2018-11-19,2018,4,10,1,42,1,November,Nov-18,42018,19,Monday
2018-11-20,2018,4,10,1,42,2,November,Nov-18,42018,20,Tuesday
2018-11-21,2018,4,10,1,42,3,November,Nov-18,42018,21,Wednesday
2018-11-22,2018,4,10,1,42,4,November,Nov-18,42018,22,Thursday
2018-11-23,2018,4,10,1,42,5,November,Nov-18,42018,23,Friday
2018-11-24,2018,4,10,1,42,6,November,Nov-18,42018,24,Saturday
2018-11-25,2018,4,10,1,43,0,November,Nov-18,42018,25,Sunday
2018-11-26,2018,4,10,1,43,1,November,Nov-18,42018,26,Monday
2018-11-27,2018,4,10,1,43,2,November,Nov-18,42018,27,Tuesday
2018-11-28,2018,4,10,1,43,3,November,Nov-18,42018,28,Wednesday
2018-11-29,2018,4,10,1,43,4,November,Nov-18,42018,29,Thursday
2018-11-30,2018,4,10,1,43,5,November,Nov-18,42018,30,Friday
2018-12-01,2018,4,10,1,43,6,November,Nov-18,42018,1,Saturday
2018-12-02,2018,4,11,2,44,0,December,Dec-18,42018,2,Sunday
2018-12-03,2018,4,11,2,44,1,December,Dec-18,42018,3,Monday
2018-12-04,2018,4,11,2,44,2,December,Dec-18,42018,4,Tuesday
2018-12-05,2018,4,11,2,44,3,December,Dec-18,42018,5,Wednesday
2018-12-06,2018,4,11,2,44,4,December,Dec-18,42018,6,Thursday
2018-12-07,2018,4,11,2,44,5,December,Dec-18,42018,7,Friday
2018-12-08,2018,4,11,2,44,6,December,Dec-18,42018,8,Saturday
2018-12-09,2018,4,11,2,45,0,December,Dec-18,42018,9,Sunday
2018-12-10,2018,4,11,2,45,1,December,Dec-18,42018,10,Monday
2018-12-11,2018,4,11,2,45,2,December,Dec-18,42018,11,Tuesday
2018-12-12,2018,4,11,2,45,3,December,Dec-18,42018,12,Wednesday
2018-12-13,2018,4,11,2,45,4,December,Dec-18,42018,13,Thursday
2018-12-14,2018,4,11,2,45,5,December,Dec-18,42018,14,Friday
2018-12-15,2018,4,11,2,45,6,December,Dec-18,42018,15,Saturday
2018-12-16,2018,4,11,2,46,0,December,Dec-18,42018,16,Sunday
2018-12-17,2018,4,11,2,46,1,December,Dec-18,42018,17,Monday
2018-12-18,2018,4,11,2,46,2,December,Dec-18,42018,18,Tuesday
2018-12-19,2018,4,11,2,46,3,December,Dec-18,42018,19,Wednesday
2018-12-20,2018,4,11,2,46,4,December,Dec-18,42018,20,Thursday
2018-12-21,2018,4,11,2,46,5,December,Dec-18,42018,21,Friday
2018-12-22,2018,4,11,2,46,6,December,Dec-18,42018,22,Saturday
2018-12-23,2018,4,11,2,47,0,December,Dec-18,42018,23,Sunday
2018-12-24,2018,4,11,2,47,1,December,Dec-18,42018,24,Monday
2018-12-25,2018,4,11,2,47,2,December,Dec-18,42018,25,Tuesday
2018-12-26,2018,4,11,2,47,3,December,Dec-18,42018,26,Wednesday
2018-12-27,2018,4,11,2,47,4,December,Dec-18,42018,27,Thursday
2018-12-28,2018,4,11,2,47,5,December,Dec-18,42018,28,Friday
2018-12-29,2018,4,11,2,47,6,December,Dec-18,42018,29,Saturday
2018-12-30,2018,4,11,2,48,0,December,Dec-18,42018,30,Sunday
2018-12-31,2018,4,11,2,48,1,December,Dec-18,42018,31,Monday
2019-01-01,2018,4,11,2,48,2,December,Dec-18,42018,1,Tuesday
2019-01-02,2018,4,11,2,48,3,December,Dec-18,42018,2,Wednesday
2019-01-03,2018,4,11,2,48,4,December,Dec-18,42018,3,Thursday
2019-01-04,2018,4,11,2,48,5,December,Dec-18,42018,4,Friday
2019-01-05,2018,4,11,2,48,6,December,Dec-18,42018,5,Saturday
2019-01-06,2018,4,12,3,49,0,January,Jan-18,42018,6,Sunday
2019-01-07,2018,4,12,3,49,1,January,Jan-18,42018,7,Monday
2019-01-08,2018,4,12,3,49,2,January,Jan-18,42018,8,Tuesday
2019-01-09,2018,4,12,3,49,3,January,Jan-18,42018,9,Wednesday
2019-01-10,2018,4,12,3,49,4,January,Jan-18,42018,10,Thursday
2019-01-11,2018,4,12,3,49,5,January,Jan-18,42018,11,Friday
2019-01-12,2018,4,12,3,49,6,January,Jan-18,42018,12,Saturday
2019-01-13,2018,4,12,3,50,0,January,Jan-18,42018,13,Sunday
2019-01-14,2018,4,12,3,50,1,January,Jan-18,42018,14,Monday
2019-01-15,2018,4,12,3,50,2,January,Jan-18,42018,15,Tuesday
2019-01-16,2018,4,12,3,50,3,January,Jan-18,42018,16,Wednesday
2019-01-17,2018,4,12,3,50,4,January,Jan-18,42018,17,Thursday
2019-01-18,2018,4,12,3,50,5,January,Jan-18,42018,18,Friday
2019-01-19,2018,4,12,3,50,6,January,Jan-18,42018,19,Saturday
2019-01-20,2018,4,12,3,51,0,January,Jan-18,42018,20,Sunday
2019-01-21,2018,4,12,3,51,1,January,Jan-18,42018,21,Monday
2019-01-22,2018,4,12,3,51,2,January,Jan-18,42018,22,Tuesday
2019-01-23,2018,4,12,3,51,3,January,Jan-18,42018,23,Wednesday
2019-01-24,2018,4,12,3,51,4,January,Jan-18,42018,24,Thursday
2019-01-25,2018,4,12,3,51,5,January,Jan-18,42018,25,Friday
2019-01-26,2018,4,12,3,51,6,January,Jan-18,42018,26,Saturday
2019-01-27,2018,4,12,3,52,0,January,Jan-18,42018,27,Sunday
2019-01-28,2018,4,12,3,52,1,January,Jan-18,42018,28,Monday
2019-01-29,2018,4,12,3,52,2,January,Jan-18,42018,29,Tuesday
2019-01-30,2018,4,12,3,52,3,January,Jan-18,42018,30,Wednesday
2019-01-31,2018,4,12,3,52,4,January,Jan-18,42018,31,Thursday
2019-02-01,2018,4,12,3,52,5,January,Jan-18,42018,1,Friday
2019-02-02,2018,4,12,3,52,6,January,Jan-18,42018,2,Saturday
2019-02-03,2019,1,1,1,1,0,February,Feb-19,12019,3,Sunday
2019-02-04,2019,1,1,1,1,1,February,Feb-19,12019,4,Monday
2019-02-05,2019,1,1,1,1,2,February,Feb-19,12019,5,Tuesday
2019-02-06,2019,1,1,1,1,3,February,Feb-19,12019,6,Wednesday
2019-02-07,2019,1,1,1,1,4,February,Feb-19,12019,7,Thursday
2019-02-08,2019,1,1,1,1,5,February,Feb-19,12019,8,Friday
2019-02-09,2019,1,1,1,1,6,February,Feb-19,12019,9,Saturday
2019-02-10,2019,1,1,1,2,0,February,Feb-19,12019,10,Sunday
2019-02-11,2019,1,1,1,2,1,February,Feb-19,12019,11,Monday
2019-02-12,2019,1,1,1,2,2,February,Feb-19,12019,12,Tuesday
2019-02-13,2019,1,1,1,2,3,February,Feb-19,12019,13,Wednesday
2019-02-14,2019,1,1,1,2,4,February,Feb-19,12019,14,Thursday
2019-02-15,2019,1,1,1,2,5,February,Feb-19,12019,15,Friday
2019-02-16,2019,1,1,1,2,6,February,Feb-19,12019,16,Saturday
2019-02-17,2019,1,1,1,3,0,February,Feb-19,12019,17,Sunday
2019-02-18,2019,1,1,1,3,1,February,Feb-19,12019,18,Monday
2019-02-19,2019,1,1,1,3,2,February,Feb-19,12019,19,Tuesday
2019-02-20,2019,1,1,1,3,3,February,Feb-19,12019,20,Wednesday
2019-02-21,2019,1,1,1,3,4,February,Feb-19,12019,21,Thursday
2019-02-22,2019,1,1,1,3,5,February,Feb-19,12019,22,Friday
2019-02-23,2019,1,1,1,3,6,February,Feb-19,12019,23,Saturday
2019-02-24,2019,1,1,1,4,0,February,Feb-19,12019,24,Sunday
2019-02-25,2019,1,1,1,4,1,February,Feb-19,12019,25,Monday
2019-02-26,2019,1,1,1,4,2,February,Feb-19,12019,26,Tuesday
2019-02-27,2019,1,1,1,4,3,February,Feb-19,12019,27,Wednesday
2019-02-28,2019,1,1,1,4,4,February,Feb-19,12019,28,Thursday
2019-03-01,2019,1,1,1,4,5,February,Feb-19,12019,1,Friday
2019-03-02,2019,1,1,1,4,6,February,Feb-19,12019,2,Saturday
2019-03-03,2019,1,2,2,5,0,March,Mar-19,12019,3,Sunday
2019-03-04,2019,1,2,2,5,1,March,Mar-19,12019,4,Monday
2019-03-05,2019,1,2,2,5,2,March,Mar-19,12019,5,Tuesday
2019-03-06,2019,1,2,2,5,3,March,Mar-19,12019,6,Wednesday
2019-03-07,2019,1,2,2,5,4,March,Mar-19,12019,7,Thursday
2019-03-08,2019,1,2,2,5,5,March,Mar-19,12019,8,Friday
2019-03-09,2019,1,2,2,5,6,March,Mar-19,12019,9,Saturday
2019-03-10,2019,1,2,2,6,0,March,Mar-19,12019,10,Sunday
2019-03-11,2019,1,2,2,6,1,March,Mar-19,12019,11,Monday
2019-03-12,2019,1,2,2,6,2,March,Mar-19,12019,12,Tuesday
2019-03-13,2019,1,2,2,6,3,March,Mar-19,12019,13,Wednesday
2019-03-14,2019,1,2,2,6,4,March,Mar-19,12019,14,Thursday
2019-03-15,2019,1,2,2,6,5,March,Mar-19,12019,15,Friday
2019-03-16,2019,1,2,2,6,6,March,Mar-19,12019,16,Saturday
2019-03-17,2019,1,2,2,7,0,March,Mar-19,12019,17,Sunday
2019-03-18,2019,1,2,2,7,1,March,Mar-19,12019,18,Monday
2019-03-19,2019,1,2,2,7,2,March,Mar-19,12019,19,Tuesday
2019-03-20,2019,1,2,2,7,3,March,Mar-19,12019,20,Wednesday
2019-03-21,2019,1,2,2,7,4,March,Mar-19,12019,21,Thursday
2019-03-22,2019,1,2,2,7,5,March,Mar-19,12019,22,Friday
2019-03-23,2019,1,2,2,7,6,March,Mar-19,12019,23,Saturday
2019-03-24,2019,1,2,2,8,0,March,Mar-19,12019,24,Sunday
2019-03-25,2019,1,2,2,8,1,March,Mar-19,12019,25,Monday
2019-03-26,2019,1,2,2,8,2,March,Mar-19,12019,26,Tuesday
2019-03-27,2019,1,2,2,8,3,March,Mar-19,12019,27,Wednesday
2019-03-28,2019,1,2,2,8,4,March,Mar-19,12019,28,Thursday
2019-03-29,2019,1,2,2,8,5,March,Mar-19,12019,29,Friday
2019-03-30,2019,1,2,2,8,6,March,Mar-19,12019,30,Saturday
2019-03-31,2019,1,2,2,9,0,March,Mar-19,12019,31,Sunday
2019-04-01,2019,1,2,2,9,1,March,Mar-19,12019,1,Monday
2019-04-02,2019,1,2,2,9,2,March,Mar-19,12019,2,Tuesday
2019-04-03,2019,1,2,2,9,3,March,Mar-19,12019,3,Wednesday
2019-04-04,2019,1,2,2,9,4,March,Mar-19,12019,4,Thursday
2019-04-05,2019,1,2,2,9,5,March,Mar-19,12019,5,Friday
2019-04-06,2019,1,2,2,9,6,March,Mar-19,12019,6,Saturday
2019-04-07,2019,1,3,3,10,0,April,Apr-19,12019,7,Sunday
2019-04-08,2019,1,3,3,10,1,April,Apr-19,12019,8,Monday
2019-04-09,2019,1,3,3,10,2,April,Apr-19,12019,9,Tuesday
2019-04-10,2019,1,3,3,10,3,April,Apr-19,12019,10,Wednesday
2019-04-11,2019,1,3,3,10,4,April,Apr-19,12019,11,Thursday
2019-04-12,2019,1,3,3,10,5,April,Apr-19,12019,12,Friday
2019-04-13,2019,1,3,3,10,6,April,Apr-19,12019,13,Saturday
2019-04-14,2019,1,3,3,11,0,April,Apr-19,12019,14,Sunday
2019-04-15,2019,1,3,3,11,1,April,Apr-19,12019,15,Monday
2019-04-16,2019,1,3,3,11,2,April,Apr-19,12019,16,Tuesday
2019-04-17,2019,1,3,3,11,3,April,Apr-19,12019,17,Wednesday
2019-04-18,2019,1,3,3,11,4,April,Apr-19,12019,18,Thursday
2019-04-19,2019,1,3,3,11,5,April,Apr-19,12019,19,Friday
2019-04-20,2019,1,3,3,11,6,April,Apr-19,12019,20,Saturday
2019-04-21,2019,1,3,3,12,0,April,Apr-19,12019,21,Sunday
2019-04-22,2019,1,3,3,12,1,April,Apr-19,12019,22,Monday
2019-04-23,2019,1,3,3,12,2,April,Apr-19,12019,23,Tuesday
2019-04-24,2019,1,3,3,12,3,April,Apr-19,12019,24,Wednesday
2019-04-25,2019,1,3,3,12,4,April,Apr-19,12019,25,Thursday
2019-04-26,2019,1,3,3,12,5,April,Apr-19,12019,26,Friday
2019-04-27,2019,1,3,3,12,6,April,Apr-19,12019,27,Saturday
2019-04-28,2019,1,3,3,13,0,April,Apr-19,12019,28,Sunday
2019-04-29,2019,1,3,3,13,1,April,Apr-19,12019,29,Monday
2019-04-30,2019,1,3,3,13,2,April,Apr-19,12019,30,Tuesday
2019-05-01,2019,1,3,3,13,3,April,Apr-19,12019,1,Wednesday
2019-05-02,2019,1,3,3,13,4,April,Apr-19,12019,2,Thursday
2019-05-03,2019,1,3,3,13,5,April,Apr-19,12019,3,Friday
2019-05-04,2019,1,3,3,13,6,April,Apr-19,12019,4,Saturday
2019-05-05,2019,2,4,1,14,0,May,May-19,22019,5,Sunday
2019-05-06,2019,2,4,1,14,1,May,May-19,22019,6,Monday
2019-05-07,2019,2,4,1,14,2,May,May-19,22019,7,Tuesday
2019-05-08,2019,2,4,1,14,3,May,May-19,22019,8,Wednesday
2019-05-09,2019,2,4,1,14,4,May,May-19,22019,9,Thursday
2019-05-10,2019,2,4,1,14,5,May,May-19,22019,10,Friday
2019-05-11,2019,2,4,1,14,6,May,May-19,22019,11,Saturday
2019-05-12,2019,2,4,1,15,0,May,May-19,22019,12,Sunday
2019-05-13,2019,2,4,1,15,1,May,May-19,22019,13,Monday
2019-05-14,2019,2,4,1,15,2,May,May-19,22019,14,Tuesday
2019-05-15,2019,2,4,1,15,3,May,May-19,22019,15,Wednesday
2019-05-16,2019,2,4,1,15,4,May,May-19,22019,16,Thursday
2019-05-17,2019,2,4,1,15,5,May,May-19,22019,17,Friday
2019-05-18,2019,2,4,1,15,6,May,May-19,22019,18,Saturday
2019-05-19,2019,2,4,1,16,0,May,May-19,22019,19,Sunday
2019-05-20,2019,2,4,1,16,1,May,May-19,22019,20,Monday
2019-05-21,2019,2,4,1,16,2,May,May-19,22019,21,Tuesday
2019-05-22,2019,2,4,1,16,3,May,May-19,22019,22,Wednesday
2019-05-23,2019,2,4,1,16,4,May,May-19,22019,23,Thursday
2019-05-24,2019,2,4,1,16,5,May,May-19,22019,24,Friday
2019-05-25,2019,2,4,1,16,6,May,May-19,22019,25,Saturday
2019-05-26,2019,2,4,1,17,0,May,May-19,22019,26,Sunday
2019-05-27,2019,2,4,1,17,1,May,May-19,22019,27,Monday
2019-05-28,2019,2,4,1,17,2,May,May-19,22019,28,Tuesday
2019-05-29,2019,2,4,1,17,3,May,May-19,22019,29,Wednesday
2019-05-30,2019,2,4,1,17,4,May,May-19,22019,30,Thursday
2019-05-31,2019,2,4,1,17,5,May,May-19,22019,31,Friday
2019-06-01,2019,2,4,1,17,6,May,May-19,22019,1,Saturday
2019-06-02,2019,2,5,2,18,0,June,Jun-19,22019,2,Sunday
2019-06-03,2019,2,5,2,18,1,June,Jun-19,22019,3,Monday
2019-06-04,2019,2,5,2,18,2,June,Jun-19,22019,4,Tuesday
2019-06-05,2019,2,5,2,18,3,June,Jun-19,22019,5,Wednesday
2019-06-06,2019,2,5,2,18,4,June,Jun-19,22019,6,Thursday
2019-06-07,2019,2,5,2,18,5,June,Jun-19,22019,7,Friday
2019-06-08,2019,2,5,2,18,6,June,Jun-19,22019,8,Saturday
2019-06-09,2019,2,5,2,19,0,June,Jun-19,22019,9,Sunday
2019-06-10,2019,2,5,2,19,1,June,Jun-19,22019,10,Monday
2019-06-11,2019,2,5,2,19,2,June,Jun-19,22019,11,Tuesday
2019-06-12,2019,2,5,2,19,3,June,Jun-19,22019,12,Wednesday
2019-06-13,2019,2,5,2,19,4,June,Jun-19,22019,13,Thursday
2019-06-14,2019,2,5,2,19,5,June,Jun-19,22019,14,Friday
2019-06-15,2019,2,5,2,19,6,June,Jun-19,22019,15,Saturday
2019-06-16,2019,2,5,2,20,0,June,Jun-19,22019,16,Sunday
2019-06-17,2019,2,5,2,20,1,June,Jun-19,22019,17,Monday
2019-06-18,2019,2,5,2,20,2,June,Jun-19,22019,18,Tuesday
2019-06-19,2019,2,5,2,20,3,June,Jun-19,22019,19,Wednesday
2019-06-20,2019,2,5,2,20,4,June,Jun-19,22019,20,Thursday
2019-06-21,2019,2,5,2,20,5,June,Jun-19,22019,21,Friday
2019-06-22,2019,2,5,2,20,6,June,Jun-19,22019,22,Saturday
2019-06-23,2019,2,5,2,21,0,June,Jun-19,22019,23,Sunday
2019-06-24,2019,2,5,2,21,1,June,Jun-19,22019,24,Monday
2019-06-25,2019,2,5,2,21,2,June,Jun-19,22019,25,Tuesday
2019-06-26,2019,2,5,2,21,3,June,Jun-19,22019,26,Wednesday
2019-06-27,2019,2,5,2,21,4,June,Jun-19,22019,27,Thursday
2019-06-28,2019,2,5,2,21,5,June,Jun-19,22019,28,Friday
2019-06-29,2019,2,5,2,21,6,June,Jun-19,22019,29,Saturday
2019-06-30,2019,2,5,2,22,0,June,Jun-19,22019,30,Sunday
2019-07-01,2019,2,5,2,22,1,June,Jun-19,22019,1,Monday
2019-07-02,2019,2,5,2,22,2,June,Jun-19,22019,2,Tuesday
2019-07-03,2019,2,5,2,22,3,June,Jun-19,22019,3,Wednesday
2019-07-04,2019,2,5,2,22,4,June,Jun-19,22019,4,Thursday
2019-07-05,2019,2,5,2,22,5,June,Jun-19,22019,5,Friday
2019-07-06,2019,2,5,2,22,6,June,Jun-19,22019,6,Saturday
2019-07-07,2019,2,6,3,23,0,July,Jul-19,22019,7,Sunday
2019-07-08,2019,2,6,3,23,1,July,Jul-19,22019,8,Monday
2019-07-09,2019,2,6,3,23,2,July,Jul-19,22019,9,Tuesday
2019-07-10,2019,2,6,3,23,3,July,Jul-19,22019,10,Wednesday
2019-07-11,2019,2,6,3,23,4,July,Jul-19,22019,11,Thursday
2019-07-12,2019,2,6,3,23,5,July,Jul-19,22019,12,Friday
2019-07-13,2019,2,6,3,23,6,July,Jul-19,22019,13,Saturday
2019-07-14,2019,2,6,3,24,0,July,Jul-19,22019,14,Sunday
2019-07-15,2019,2,6,3,24,1,July,Jul-19,22019,15,Monday
2019-07-16,2019,2,6,3,24,2,July,Jul-19,22019,16,Tuesday
2019-07-17,2019,2,6,3,24,3,July,Jul-19,22019,17,Wednesday
2019-07-18,2019,2,6,3,24,4,July,Jul-19,22019,18,Thursday
2019-07-19,2019,2,6,3,24,5,July,Jul-19,22019,19,Friday
2019-07-20,2019,2,6,3,24,6,July,Jul-19,22019,20,Saturday
2019-07-21,2019,2,6,3,25,0,July,Jul-19,22019,21,Sunday
2019-07-22,2019,2,6,3,25,1,July,Jul-19,22019,22,Monday
2019-07-23,2019,2,6,3,25,2,July,Jul-19,22019,23,Tuesday
2019-07-24,2019,2,6,3,25,3,July,Jul-19,22019,24,Wednesday
2019-07-25,2019,2,6,3,25,4,July,Jul-19,22019,25,Thursday
2019-07-26,2019,2,6,3,25,5,July,Jul-19,22019,26,Friday
2019-07-27,2019,2,6,3,25,6,July,Jul-19,22019,27,Saturday
2019-07-28,2019,2,6,3,26,0,July,Jul-19,22019,28,Sunday
2019-07-29,2019,2,6,3,26,1,July,Jul-19,22019,29,Monday
2019-07-30,2019,2,6,3,26,2,July,Jul-19,22019,30,Tuesday
2019-07-31,2019,2,6,3,26,3,July,Jul-19,22019,31,Wednesday
2019-08-01,2019,2,6,3,26,4,July,Jul-19,22019,1,Thursday
2019-08-02,2019,2,6,3,26,5,July,Jul-19,22019,2,Friday
2019-08-03,2019,2,6,3,26,6,July,Jul-19,22019,3,Saturday
2019-08-04,2019,3,7,1,27,0,August,Aug-19,32019,4,Sunday
2019-08-05,2019,3,7,1,27,1,August,Aug-19,32019,5,Monday
2019-08-06,2019,3,7,1,27,2,August,Aug-19,32019,6,Tuesday
2019-08-07,2019,3,7,1,27,3,August,Aug-19,32019,7,Wednesday
2019-08-08,2019,3,7,1,27,4,August,Aug-19,32019,8,Thursday
2019-08-09,2019,3,7,1,27,5,August,Aug-19,32019,9,Friday
2019-08-10,2019,3,7,1,27,6,August,Aug-19,32019,10,Saturday
2019-08-11,2019,3,7,1,28,0,August,Aug-19,32019,11,Sunday
2019-08-12,2019,3,7,1,28,1,August,Aug-19,32019,12,Monday
2019-08-13,2019,3,7,1,28,2,August,Aug-19,32019,13,Tuesday
2019-08-14,2019,3,7,1,28,3,August,Aug-19,32019,14,Wednesday
2019-08-15,2019,3,7,1,28,4,August,Aug-19,32019,15,Thursday
2019-08-16,2019,3,7,1,28,5,August,Aug-19,32019,16,Friday
2019-08-17,2019,3,7,1,28,6,August,Aug-19,32019,17,Saturday
2019-08-18,2019,3,7,1,29,0,August,Aug-19,32019,18,Sunday
2019-08-19,2019,3,7,1,29,1,August,Aug-19,32019,19,Monday
2019-08-20,2019,3,7,1,29,2,August,Aug-19,32019,20,Tuesday
2019-08-21,2019,3,7,1,29,3,August,Aug-19,32019,21,Wednesday
2019-08-22,2019,3,7,1,29,4,August,Aug-19,32019,22,Thursday
2019-08-23,2019,3,7,1,29,5,August,Aug-19,32019,23,Friday
2019-08-24,2019,3,7,1,29,6,August,Aug-19,32019,24,Saturday
2019-08-25,2019,3,7,1,30,0,August,Aug-19,32019,25,Sunday
2019-08-26,2019,3,7,1,30,1,August,Aug-19,32019,26,Monday
2019-08-27,2019,3,7,1,30,2,August,Aug-19,32019,27,Tuesday
2019-08-28,2019,3,7,1,30,3,August,Aug-19,32019,28,Wednesday
2019-08-29,2019,3,7,1,30,4,August,Aug-19,32019,29,Thursday
2019-08-30,2019,3,7,1,30,5,August,Aug-19,32019,30,Friday
2019-08-31,2019,3,7,1,30,6,August,Aug-19,32019,31,Saturday
2019-09-01,2019,3,8,2,31,0,September,Sep-19,32019,1,Sunday
2019-09-02,2019,3,8,2,31,1,September,Sep-19,32019,2,Monday
2019-09-03,2019,3,8,2,31,2,September,Sep-19,32019,3,Tuesday
2019-09-04,2019,3,8,2,31,3,September,Sep-19,32019,4,Wednesday
2019-09-05,2019,3,8,2,31,4,September,Sep-19,32019,5,Thursday
2019-09-06,2019,3,8,2,31,5,September,Sep-19,32019,6,Friday
2019-09-07,2019,3,8,2,31,6,September,Sep-19,32019,7,Saturday
2019-09-08,2019,3,8,2,32,0,September,Sep-19,32019,8,Sunday
2019-09-09,2019,3,8,2,32,1,September,Sep-19,32019,9,Monday
2019-09-10,2019,3,8,2,32,2,September,Sep-19,32019,10,Tuesday
2019-09-11,2019,3,8,2,32,3,September,Sep-19,32019,11,Wednesday
2019-09-12,2019,3,8,2,32,4,September,Sep-19,32019,12,Thursday
2019-09-13,2019,3,8,2,32,5,September,Sep-19,32019,13,Friday
2019-09-14,2019,3,8,2,32,6,September,Sep-19,32019,14,Saturday
2019-09-15,2019,3,8,2,33,0,September,Sep-19,32019,15,Sunday
2019-09-16,2019,3,8,2,33,1,September,Sep-19,32019,16,Monday
2019-09-17,2019,3,8,2,33,2,September,Sep-19,32019,17,Tuesday
2019-09-18,2019,3,8,2,33,3,September,Sep-19,32019,18,Wednesday
2019-09-19,2019,3,8,2,33,4,September,Sep-19,32019,19,Thursday
2019-09-20,2019,3,8,2,33,5,September,Sep-19,32019,20,Friday
2019-09-21,2019,3,8,2,33,6,September,Sep-19,32019,21,Saturday
2019-09-22,2019,3,8,2,34,0,September,Sep-19,32019,22,Sunday
2019-09-23,2019,3,8,2,34,1,September,Sep-19,32019,23,Monday
2019-09-24,2019,3,8,2,34,2,September,Sep-19,32019,24,Tuesday
2019-09-25,2019,3,8,2,34,3,September,Sep-19,32019,25,Wednesday
2019-09-26,2019,3,8,2,34,4,September,Sep-19,32019,26,Thursday
2019-09-27,2019,3,8,2,34,5,September,Sep-19,32019,27,Friday
2019-09-28,2019,3,8,2,34,6,September,Sep-19,32019,28,Saturday
2019-09-29,2019,3,8,2,35,0,September,Sep-19,32019,29,Sunday
2019-09-30,2019,3,8,2,35,1,September,Sep-19,32019,30,Monday
2019-10-01,2019,3,8,2,35,2,September,Sep-19,32019,1,Tuesday
2019-10-02,2019,3,8,2,35,3,September,Sep-19,32019,2,Wednesday
2019-10-03,2019,3,8,2,35,4,September,Sep-19,32019,3,Thursday
2019-10-04,2019,3,8,2,35,5,September,Sep-19,32019,4,Friday
2019-10-05,2019,3,8,2,35,6,September,Sep-19,32019,5,Saturday
2019-10-06,2019,3,9,3,36,0,October,Oct-19,32019,6,Sunday
2019-10-07,2019,3,9,3,36,1,October,Oct-19,32019,7,Monday
2019-10-08,2019,3,9,3,36,2,October,Oct-19,32019,8,Tuesday
2019-10-09,2019,3,9,3,36,3,October,Oct-19,32019,9,Wednesday
2019-10-10,2019,3,9,3,36,4,October,Oct-19,32019,10,Thursday
2019-10-11,2019,3,9,3,36,5,October,Oct-19,32019,11,Friday
2019-10-12,2019,3,9,3,36,6,October,Oct-19,32019,12,Saturday
2019-10-13,2019,3,9,3,37,0,October,Oct-19,32019,13,Sunday
2019-10-14,2019,3,9,3,37,1,October,Oct-19,32019,14,Monday
2019-10-15,2019,3,9,3,37,2,October,Oct-19,32019,15,Tuesday
2019-10-16,2019,3,9,3,37,3,October,Oct-19,32019,16,Wednesday
2019-10-17,2019,3,9,3,37,4,October,Oct-19,32019,17,Thursday
2019-10-18,2019,3,9,3,37,5,October,Oct-19,32019,18,Friday
2019-10-19,2019,3,9,3,37,6,October,Oct-19,32019,19,Saturday
2019-10-20,2019,3,9,3,38,0,October,Oct-19,32019,20,Sunday
2019-10-21,2019,3,9,3,38,1,October,Oct-19,32019,21,Monday
2019-10-22,2019,3,9,3,38,2,October,Oct-19,32019,22,Tuesday
2019-10-23,2019,3,9,3,38,3,October,Oct-19,32019,23,Wednesday
2019-10-24,2019,3,9,3,38,4,October,Oct-19,32019,24,Thursday
2019-10-25,2019,3,9,3,38,5,October,Oct-19,32019,25,Friday
2019-10-26,2019,3,9,3,38,6,October,Oct-19,32019,26,Saturday
2019-10-27,2019,3,9,3,39,0,October,Oct-19,32019,27,Sunday
2019-10-28,2019,3,9,3,39,1,October,Oct-19,32019,28,Monday
2019-10-29,2019,3,9,3,39,2,October,Oct-19,32019,29,Tuesday
2019-10-30,2019,3,9,3,39,3,October,Oct-19,32019,30,Wednesday
2019-10-31,2019,3,9,3,39,4,October,Oct-19,32019,31,Thursday
2019-11-01,2019,3,9,3,39,5,October,Oct-19,32019,1,Friday
2019-11-02,2019,3,9,3,39,6,October,Oct-19,32019,2,Saturday
2019-11-03,2019,4,10,1,40,0,November,Nov-19,42019,3,Sunday
2019-11-04,2019,4,10,1,40,1,November,Nov-19,42019,4,Monday
2019-11-05,2019,4,10,1,40,2,November,Nov-19,42019,5,Tuesday
2019-11-06,2019,4,10,1,40,3,November,Nov-19,42019,6,Wednesday
2019-11-07,2019,4,10,1,40,4,November,Nov-19,42019,7,Thursday
2019-11-08,2019,4,10,1,40,5,November,Nov-19,42019,8,Friday
2019-11-09,2019,4,10,1,40,6,November,Nov-19,42019,9,Saturday
2019-11-10,2019,4,10,1,41,0,November,Nov-19,42019,10,Sunday
2019-11-11,2019,4,10,1,41,1,November,Nov-19,42019,11,Monday
2019-11-12,2019,4,10,1,41,2,November,Nov-19,42019,12,Tuesday
2019-11-13,2019,4,10,1,41,3,November,Nov-19,42019,13,Wednesday
2019-11-14,2019,4,10,1,41,4,November,Nov-19,42019,14,Thursday
2019-11-15,2019,4,10,1,41,5,November,Nov-19,42019,15,Friday
2019-11-16,2019,4,10,1,41,6,November,Nov-19,42019,16,Saturday
2019-11-17,2019,4,10,1,42,0,November,Nov-19,42019,17,Sunday
2019-11-18,2019,4,10,1,42,1,November,Nov-19,42019,18,Monday
2019-11-19,2019,4,10,1,42,2,November,Nov-19,42019,19,Tuesday
2019-11-20,2019,4,10,1,42,3,November,Nov-19,42019,20,Wednesday
2019-11-21,2019,4,10,1,42,4,November,Nov-19,42019,21,Thursday
2019-11-22,2019,4,10,1,42,5,November,Nov-19,42019,22,Friday
2019-11-23,2019,4,10,1,42,6,November,Nov-19,42019,23,Saturday
2019-11-24,2019,4,10,1,43,0,November,Nov-19,42019,24,Sunday
2019-11-25,2019,4,10,1,43,1,November,Nov-19,42019,25,Monday
2019-11-26,2019,4,10,1,43,2,November,Nov-19,42019,26,Tuesday
2019-11-27,2019,4,10,1,43,3,November,Nov-19,42019,27,Wednesday
2019-11-28,2019,4,10,1,43,4,November,Nov-19,42019,28,Thursday
2019-11-29,2019,4,10,1,43,5,November,Nov-19,42019,29,Friday
2019-11-30,2019,4,10,1,43,6,November,Nov-19,42019,30,Saturday
2019-12-01,2019,4,11,2,44,0,December,Dec-19,42019,1,Sunday
2019-12-02,2019,4,11,2,44,1,December,Dec-19,42019,2,Monday
2019-12-03,2019,4,11,2,44,2,December,Dec-19,42019,3,Tuesday
2019-12-04,2019,4,11,2,44,3,December,Dec-19,42019,4,Wednesday
2019-12-05,2019,4,11,2,44,4,December,Dec-19,42019,5,Thursday
2019-12-06,2019,4,11,2,44,5,December,Dec-19,42019,6,Friday
2019-12-07,2019,4,11,2,44,6,December,Dec-19,42019,7,Saturday
2019-12-08,2019,4,11,2,45,0,December,Dec-19,42019,8,Sunday
2019-12-09,2019,4,11,2,45,1,December,Dec-19,42019,9,Monday
2019-12-10,2019,4,11,2,45,2,December,Dec-19,42019,10,Tuesday
2019-12-11,2019,4,11,2,45,3,December,Dec-19,42019,11,Wednesday
2019-12-12,2019,4,11,2,45,4,December,Dec-19,42019,12,Thursday
2019-12-13,2019,4,11,2,45,5,December,Dec-19,42019,13,Friday
2019-12-14,2019,4,11,2,45,6,December,Dec-19,42019,14,Saturday
2019-12-15,2019,4,11,2,46,0,December,Dec-19,42019,15,Sunday
2019-12-16,2019,4,11,2,46,1,December,Dec-19,42019,16,Monday
2019-12-17,2019,4,11,2,46,2,December,Dec-19,42019,17,Tuesday
2019-12-18,2019,4,11,2,46,3,December,Dec-19,42019,18,Wednesday
2019-12-19,2019,4,11,2,46,4,December,Dec-19,42019,19,Thursday
2019-12-20,2019,4,11,2,46,5,December,Dec-19,42019,20,Friday
2019-12-21,2019,4,11,2,46,6,December,Dec-19,42019,21,Saturday
2019-12-22,2019,4,11,2,47,0,December,Dec-19,42019,22,Sunday
2019-12-23,2019,4,11,2,47,1,December,Dec-19,42019,23,Monday
2019-12-24,2019,4,11,2,47,2,December,Dec-19,42019,24,Tuesday
2019-12-25,2019,4,11,2,47,3,December,Dec-19,42019,25,Wednesday
2019-12-26,2019,4,11,2,47,4,December,Dec-19,42019,26,Thursday
2019-12-27,2019,4,11,2,47,5,December,Dec-19,42019,27,Friday
2019-12-28,2019,4,11,2,47,6,December,Dec-19,42019,28,Saturday
2019-12-29,2019,4,11,2,48,0,December,Dec-19,42019,29,Sunday
2019-12-30,2019,4,11,2,48,1,December,Dec-19,42019,30,Monday
2019-12-31,2019,4,11,2,48,2,December,Dec-19,42019,31,Tuesday
2020-01-01,2019,4,11,2,48,3,December,Dec-19,42019,1,Wednesday
2020-01-02,2019,4,11,2,48,4,December,Dec-19,42019,2,Thursday
2020-01-03,2019,4,11,2,48,5,December,Dec-19,42019,3,Friday
2020-01-04,2019,4,11,2,48,6,December,Dec-19,42019,4,Saturday
2020-01-05,2019,4,12,3,49,0,January,Jan-19,42019,5,Sunday
2020-01-06,2019,4,12,3,49,1,January,Jan-19,42019,6,Monday
2020-01-07,2019,4,12,3,49,2,January,Jan-19,42019,7,Tuesday
2020-01-08,2019,4,12,3,49,3,January,Jan-19,42019,8,Wednesday
2020-01-09,2019,4,12,3,49,4,January,Jan-19,42019,9,Thursday
2020-01-10,2019,4,12,3,49,5,January,Jan-19,42019,10,Friday
2020-01-11,2019,4,12,3,49,6,January,Jan-19,42019,11,Saturday
2020-01-12,2019,4,12,3,50,0,January,Jan-19,42019,12,Sunday
2020-01-13,2019,4,12,3,50,1,January,Jan-19,42019,13,Monday
2020-01-14,2019,4,12,3,50,2,January,Jan-19,42019,14,Tuesday
2020-01-15,2019,4,12,3,50,3,January,Jan-19,42019,15,Wednesday
2020-01-16,2019,4,12,3,50,4,January,Jan-19,42019,16,Thursday
2020-01-17,2019,4,12,3,50,5,January,Jan-19,42019,17,Friday
2020-01-18,2019,4,12,3,50,6,January,Jan-19,42019,18,Saturday
2020-01-19,2019,4,12,3,51,0,January,Jan-19,42019,19,Sunday
2020-01-20,2019,4,12,3,51,1,January,Jan-19,42019,20,Monday
2020-01-21,2019,4,12,3,51,2,January,Jan-19,42019,21,Tuesday
2020-01-22,2019,4,12,3,51,3,January,Jan-19,42019,22,Wednesday
2020-01-23,2019,4,12,3,51,4,January,Jan-19,42019,23,Thursday
2020-01-24,2019,4,12,3,51,5,January,Jan-19,42019,24,Friday
2020-01-25,2019,4,12,3,51,6,January,Jan-19,42019,25,Saturday
2020-01-26,2019,4,12,3,52,0,January,Jan-19,42019,26,Sunday
2020-01-27,2019,4,12,3,52,1,January,Jan-19,42019,27,Monday
2020-01-28,2019,4,12,3,52,2,January,Jan-19,42019,28,Tuesday
2020-01-29,2019,4,12,3,52,3,January,Jan-19,42019,29,Wednesday
2020-01-30,2019,4,12,3,52,4,January,Jan-19,42019,30,Thursday
2020-01-31,2019,4,12,3,52,5,January,Jan-19,42019,31,Friday
2020-02-01,2019,4,12,3,52,6,January,Jan-19,42019,1,Saturday
